threshold,points,percentage
0.500000,0,0.000000
0.600000,98,0.000000
0.700000,4438,1.000000
0.800000,21088,8.000000
0.900000,66309,25.000000
1.000000,109470,42.000000
1.100000,256859,100.000000
